XForce,YForce,ZForce,Tforce,VAngle,XYForce,XYForceAverage
-1.93337707519531,-1.31794738769531,-17.9880004882813,-0.178897094726563,-0.0054931640625,2.33985731009899,0.467971462019798
0.446163940429687,0.732192993164063,-8.06358642578125,-0.178897094726563,-0.00701904296875,0.857419874377947,0.639455436895387
1.33849182128906,1.75726318359375,-6.2027587890625,-0.103875732421875,-0.01556396484375,2.2089667838317,1.08124879366173
1.78465576171875,-1.75726318359375,-8.6838623046875,-0.0981048583984375,-0.02655029296875,2.50458980359059,1.58216675437985
-5.35396728515625,-3.80740356445313,-24.1907592773438,-0.334710693359375,-0.0360107421875,6.56972507743922,2.89611176986769
0.297442626953125,2.92877197265625,-13.6460693359375,-0.11541748046875,-0.05523681640625,2.94383718709876,3.01690774526764
-2.52826232910156,-3.95384216308594,-29.7732421875,-0.236605834960938,-0.05859375,4.69307769543081,3.78403930947822
0.446163940429687,1.61082458496094,-17.367724609375,-0.057708740234375,-0.01708984375,1.67147183800814,3.67654032031351
-4.01547546386719,-4.83247375488281,-33.4948974609375,-0.265460205078125,-0.02532958984375,6.28306022512522,4.43223440462043
1.33849182128906,0.58575439453125,-6.2027587890625,-0.0519378662109375,-0.0506591796875,1.4610505009651,3.41049948932561
-5.05652465820312,-3.80740356445313,-21.0893798828125,-0.305856323242187,-0.05767822265625,6.32967325551853,4.08766670300956
0.148721313476563,1.31794738769531,-14.88662109375,-0.057708740234375,-0.02685546875,1.3263119338282,3.41431355068904
-1.04104919433594,-2.343017578125,-17.9880004882813,-0.173126220703125,-0.0091552734375,2.56388665826519,3.59279651474045
0.892327880859375,0.878631591796875,-4.96220703125,-0.144271850585938,-0.04119873046875,1.2522949017953,2.58664345007446
-0.743606567382813,0.58575439453125,-6.2027587890625,-0.225064086914062,-0.05645751953125,0.946603896974611,2.48375412927637
-0.148721313476563,0.58575439453125,-15.5068969726563,-0.06925048828125,-0.03509521484375,0.60433950706111,1.33868737958488
1.93337707519531,-0.146438598632813,-1.86082763671875,-0.0750213623046875,-0.0128173828125,1.93891494864017,1.46120798254728
-0.446163940429687,-0.732192993164063,-6.2027587890625,-0.242376708984375,-0.03265380859375,0.857419874377947,1.11991462576983
0.446163940429687,2.48945617675781,-11.7852416992187,-0.0865631103515625,-0.05401611328125,2.52912125405987,1.37527989622274
-2.379541015625,-2.343017578125,-28.5326904296875,-0.225064086914062,-0.03997802734375,3.33945307145413,1.85384973111865
2.23081970214844,1.46438598632813,-0.62027587890625,-0.0403961181640625,-0.01678466796875,2.66851697773273,2.26668522525297
-5.05652465820312,-5.71110534667969,-29.1529663085938,-0.328939819335938,-0.01953125,7.62792015557908,3.40448626664075
1.1897705078125,0.58575439453125,-16.1271728515625,-0.092333984375,-0.04974365234375,1.32614556967668,3.4982314057005
-4.01547546386719,-4.53959655761719,-32.8746215820313,-0.2308349609375,-0.0592041015625,6.06069138851742,4.20454543259201
1.93337707519531,-0.58575439453125,-5.58248291015625,-0.034625244140625,-0.02899169921875,2.0201621532945,3.94068724896008
-1.1897705078125,-2.92877197265625,-17.9880004882813,-0.30008544921875,-0.02105712890625,3.16121165521659,4.03922618445685
0.59488525390625,2.48945617675781,-13.0257934570313,-0.080792236328125,-0.04150390625,2.55954693672781,3.0255515406866
0.59488525390625,0.292877197265625,-14.2663452148437,-0.057708740234375,-0.054931640625,0.66307278483834,2.89293698371893
0.59488525390625,-0.146438598632813,-13.0257934570313,-0.103875732421875,-0.03448486328125,0.612644047130669,1.80332751544158
0.297442626953125,0.439315795898438,-6.82303466796875,-0.132730102539063,-0.01800537109375,0.530537920279647,1.50540266883861
1.1897705078125,0,-1.86082763671875,-0.109646606445313,-0.0372314453125,1.1897705078125,1.11111443935779
0.743606567382813,1.90370178222656,-8.06358642578125,-0.16158447265625,-0.057373046875,2.0437786579538,1.00796078360299
-1.04104919433594,0.732192993164063,-13.6460693359375,-0.103875732421875,-0.03814697265625,1.27274899499707,1.12989602563474
3.5693115234375,-0.146438598632813,-11.1649658203125,-0.0057708740234375,-0.01434326171875,3.57231423792942,1.72183006379449
-0.743606567382813,-2.05014038085938,-8.06358642578125,-0.16158447265625,-0.03265380859375,2.18083156348331,2.05188879243522
-0.148721313476563,1.31794738769531,-17.9880004882813,-0.11541748046875,-0.05523681640625,1.3263119338282,2.07919707763836
-3.27186889648437,-3.5145263671875,-28.5326904296875,-0.201980590820313,-0.05096435546875,4.80177276236996,2.63079589852159
4.31291809082031,-1.02507019042969,-3.7216552734375,-0.0519378662109375,-0.01434326171875,4.43306117185774,3.26285833389373
-4.46163940429688,-3.80740356445313,-24.81103515625,-0.363565063476562,-0.02716064453125,5.86536853714964,3.72146919373777
-0.148721313476563,1.31794738769531,-10.5446899414063,-0.11541748046875,-0.050048828125,1.3263119338282,3.55056526780675
-3.12314758300781,-5.12535095214844,-27.9124145507813,-0.225064086914062,-0.0592041015625,6.00193912064563,4.48569070517023
2.23081970214844,0.732192993164063,-8.06358642578125,-0.06925048828125,-0.02716064453125,2.34790611454807,3.99491737560585
-2.97442626953125,-2.05014038085938,-16.7474487304688,-0.248147583007813,-0.02349853515625,3.61251812647464,3.83080876652923
0,1.1715087890625,-14.2663452148437,-0.0519378662109375,-0.04364013671875,1.1715087890625,2.89203681691181
-0.148721313476563,-2.19657897949219,-16.7474487304688,-0.0519378662109375,-0.0592041015625,2.20160787658228,3.06709600546262
1.1897705078125,-1.46438598632813,-11.7852416992187,-0.0750213623046875,-0.0335693359375,1.88679097364139,2.24406637606177
-0.297442626953125,0,-11.1649658203125,-0.11541748046875,-0.01495361328125,0.297442626953125,1.83397367854279
-0.297442626953125,1.02507019042969,-19.2285522460937,-0.144271850585938,-0.0341796875,1.06735233715785,1.32494052067943
3.42059020996094,0.146438598632813,-7.443310546875,-0.0403961181640625,-0.05615234375,3.42372336026878,1.77538343492069
0.148721313476563,-1.90370178222656,-14.2663452148437,-0.144271850585938,-0.04180908203125,1.90950216148995,1.71696229190222
-1.04104919433594,0.878631591796875,-6.82303466796875,-0.167355346679687,-0.02471923828125,1.36226902597505,1.61205790236895
2.97442626953125,0.439315795898438,-8.06358642578125,-0.0461669921875,-0.02532958984375,3.00669419818569,2.15390821661546
1.78465576171875,2.343017578125,-18.6082763671875,-0.0403961181640625,-0.02716064453125,2.94528904510893,2.52949555820568
0.743606567382813,1.31794738769531,-4.34193115234375,-0.103875732421875,-0.02899169921875,1.51325346316727,2.14740157878538
-0.446163940429687,-2.343017578125,-15.5068969726563,-0.1385009765625,-0.03204345703125,2.38511920732329,2.24252498795205
-4.46163940429688,-1.90370178222656,-31.6340698242187,-0.288543701171875,-0.037841796875,4.85080474247595,2.94023213125223
-4.90780334472656,-4.97891235351563,-26.0515869140625,-0.25391845703125,-0.04180908203125,6.99114453394433,3.73712219840396
-0.148721313476563,-1.75726318359375,-20.4691040039062,-0.16158447265625,-0.04302978515625,1.76354527174559,3.50077344373129
-1.63593444824219,-0.146438598632813,-11.1649658203125,-0.144271850585938,-0.04302978515625,1.64247550426635,3.5266178519511
1.78465576171875,1.46438598632813,-3.7216552734375,-0.0981048583984375,-0.04302978515625,2.30855420226386,3.51130485093922
1.04104919433594,1.75726318359375,-12.405517578125,-0.109646606445313,-0.040283203125,2.04248802234959,2.94964150691395
0,1.90370178222656,-6.82303466796875,-0.11541748046875,-0.04150390625,1.90370178222656,1.93215295657039
2.97442626953125,-0.878631591796875,-8.06358642578125,-0.06925048828125,-0.042724609375,3.10148433930934,2.19974077008314
1.33849182128906,2.343017578125,-14.88662109375,-0.092333984375,-0.04241943359375,2.69838687497928,2.41092304422573
-2.52826232910156,-1.1715087890625,-12.405517578125,-0.2308349609375,-0.04486083984375,2.78649300153522,2.50651080408
-4.01547546386719,-4.68603515625,-29.7732421875,-0.282772827148437,-0.0372314453125,6.17113998273661,3.3322411961574
-0.892327880859375,-2.343017578125,-5.58248291015625,-0.126959228515625,-0.03509521484375,2.50718575665261,3.45293799104261
-0.59488525390625,-0.58575439453125,-13.6460693359375,-0.0750213623046875,-0.0286865234375,0.834863267863531,2.99961377675345
-0.446163940429687,0.732192993164063,-4.34193115234375,-0.103875732421875,-0.03143310546875,0.857419874377947,2.63142037663318
2.67698364257812,-0.146438598632813,-2.481103515625,-0.080792236328125,-0.02960205078125,2.68098595404758,2.61031896713565
0.148721313476563,0.732192993164063,-13.0257934570313,-0.034625244140625,-0.0286865234375,0.747144302207239,1.52551983102978
0.743606567382813,-0.146438598632813,-9.30413818359375,-0.11541748046875,-0.0238037109375,0.757888507779602,1.17566038125518
0.892327880859375,-3.07521057128906,-9.9244140625,-0.06925048828125,-0.03387451171875,3.20205701147356,1.64909912997718
-2.52826232910156,-1.75726318359375,-33.4948974609375,-0.219293212890625,-0.03662109375,3.07897455351097,2.09341006580379
-3.86675415039063,-3.95384216308594,-27.9124145507813,-0.334710693359375,-0.04302978515625,5.5303395474563,2.66328078448554
-2.52826232910156,-4.10028076171875,-31.0137939453125,-0.190438842773438,-0.04302978515625,4.81709588130389,3.47727110030487
-1.93337707519531,-0.146438598632813,-19.848828125,-0.121188354492187,-0.0439453125,1.93891494864017,3.71347638847698
0.892327880859375,-0.146438598632813,-1.2405517578125,-0.0634796142578125,-0.04302978515625,0.904263960427775,3.25391777826782
1.1897705078125,0.439315795898438,-13.0257934570313,-0.034625244140625,-0.0341796875,1.26828712434775,2.89178029243518
-0.148721313476563,0.146438598632813,-2.481103515625,-0.126959228515625,-0.04058837890625,0.208715816965883,1.8274555463371
2.52826232910156,-0.146438598632813,-8.6838623046875,-0.0519378662109375,-0.0433349609375,2.53249968764531,1.37053630760538
2.08209838867187,1.90370178222656,-17.9880004882813,-0.057708740234375,-0.0390625,2.82120792848783,1.54699490357491
-2.379541015625,-1.31794738769531,-11.1649658203125,-0.236605834960938,-0.04241943359375,2.72014719487284,1.91017155046392
-1.63593444824219,-5.71110534667969,-26.0515869140625,-0.18466796875,-0.0396728515625,5.94079168123397,2.84467246184117
-5.50268859863281,-3.36808776855469,-32.8746215820313,-0.3231689453125,-0.0384521484375,6.45163522141567,4.09325634273113
-2.82570495605469,-1.61082458496094,-21.0893798828125,-0.236605834960938,-0.03875732421875,3.2525934793925,4.23727510108056
0.59488525390625,-1.02507019042969,-13.6460693359375,-0.0403961181640625,-0.035400390625,1.18518241660204,3.9100699987034
-0.148721313476563,1.61082458496094,-13.0257934570313,-0.126959228515625,-0.0311279296875,1.61767545341974,3.68957565041279
0.446163940429687,0.878631591796875,-5.58248291015625,-0.080792236328125,-0.0189208984375,0.985421603093446,2.69850163478468
2.23081970214844,0.878631591796875,-13.0257934570313,0.0057708740234375,-0.0250244140625,2.39761340036236,1.88769727057402
0.59488525390625,0.439315795898438,-11.7852416992187,-0.16158447265625,-0.02685546875,0.739517973981012,1.38508216949172
2.97442626953125,1.1715087890625,-1.86082763671875,-0.0057708740234375,-0.02655029296875,3.19681786714981,1.78740925960127
-0.297442626953125,-0.58575439453125,-21.0893798828125,-0.121188354492187,-0.0311279296875,0.65694773539563,1.59526371599645
-2.82570495605469,-3.36808776855469,-21.0893798828125,-0.328939819335938,-0.0384521484375,4.3964330673126,2.27746600884028
-1.04104919433594,-5.27178955078125,-25.4313110351562,-0.248147583007813,-0.03997802734375,5.37359735119351,2.87266279900651
-2.97442626953125,-2.343017578125,-27.292138671875,-0.16158447265625,-0.0360107421875,3.78641558789845,3.48204232179
1.04104919433594,0.146438598632813,-5.58248291015625,-0.1385009765625,-0.04058837890625,1.05129809673425,3.05293836770689
0,0.439315795898438,-7.443310546875,-0.150042724609375,-0.04669189453125,0.439315795898438,3.00941197980745
3.86675415039063,0.439315795898438,-0.62027587890625,-0.02308349609375,-0.0433349609375,3.89163025326007,2.90845141699694
2.08209838867187,0.58575439453125,-14.88662109375,-0.0173126220703125,-0.03814697265625,2.16292438860509,2.26631682447926
1.1897705078125,1.46438598632813,-4.96220703125,-0.178897094726563,-0.03387451171875,1.88679097364139,1.88639190162784
0.59488525390625,-1.61082458496094,-19.2285522460937,-0.155813598632812,-0.04364013671875,1.71716170142176,2.01956462256535
-4.46163940429688,-2.78233337402344,-32.254345703125,-0.225064086914062,-0.0494384765625,5.25809900802364,2.98332126499039
-3.12314758300781,-3.80740356445313,-21.0893798828125,-0.30008544921875,-0.03875732421875,4.92446674553275,3.18988856344493
-0.892327880859375,-4.10028076171875,-13.0257934570313,-0.144271850585938,-0.0433349609375,4.19625444555974,3.59655457483586
-1.48721313476563,-0.292877197265625,-18.6082763671875,-0.1385009765625,-0.03448486328125,1.5157770155592,3.52235178321942
1.04104919433594,-0.146438598632813,-3.10137939453125,-0.16158447265625,-0.03326416015625,1.05129809673425,3.38917906228192
1.48721313476563,-0.439315795898438,-15.5068969726563,-0.0519378662109375,-0.03265380859375,1.55074216965467,2.64770769460812
0.59488525390625,1.46438598632813,-3.10137939453125,-0.190438842773438,-0.03509521484375,1.58060582760829,1.97893551102323
4.31291809082031,-0.58575439453125,-4.34193115234375,-0.0461669921875,-0.02716064453125,4.35251314401666,2.01018725071461
3.27186889648437,1.61082458496094,-13.0257934570313,-0.06925048828125,-0.02716064453125,3.64690031661087,2.43641191092495
-1.93337707519531,-1.90370178222656,-11.1649658203125,-0.225064086914062,-0.03265380859375,2.71330562055648,2.76881341568939
-0.148721313476563,-4.83247375488281,-24.1907592773438,-0.201980590820313,-0.032958984375,4.83476169223607,3.42561732020567
-3.42059020996094,-4.24671936035156,-39.0773803710938,-0.288543701171875,-0.04058837890625,5.45298658627228,4.20009347193847
-0.59488525390625,-1.61082458496094,-14.88662109375,-0.16158447265625,-0.03662109375,1.71716170142176,3.67302318341949
1.78465576171875,-1.02507019042969,-17.367724609375,-0.092333984375,-0.0433349609375,2.05809744257736,3.35526260861279
1.78465576171875,2.19657897949219,-17.367724609375,-0.144271850585938,-0.04058837890625,2.83018646046208,3.37863877659391
1.93337707519531,0.439315795898438,-6.2027587890625,-0.0288543701171875,-0.0396728515625,1.98266116202862,2.80821867055242
2.82570495605469,-0.439315795898438,-15.5068969726563,-0.0288543701171875,-0.04058837890625,2.85965152898004,2.28955165909397
2.23081970214844,1.75726318359375,-9.9244140625,-0.06925048828125,-0.03753662109375,2.83981169092383,2.51408165699439
4.01547546386719,-0.58575439453125,-4.96220703125,-0.0865631103515625,-0.03997802734375,4.05797380617866,2.91405692971464
-0.148721313476563,-1.1715087890625,-29.1529663085938,-0.219293212890625,-0.03753662109375,1.18091103472399,2.58420184456703
-4.16419677734375,-4.24671936035156,-21.7096557617188,-0.277001953125,-0.040283203125,5.94770208786762,3.37721002973483
-0.446163940429687,-6.00398254394531,-34.73544921875,-0.225064086914062,-0.040283203125,6.02053723929516,4.00938717179785
24.5390167236328,-15.9618072509766,156.309521484375,-0.0057708740234375,0.0128173828125,29.2735825016355,9.29614133394018
26.9185577392578,-14.05810546875,171.196142578125,0.0403961181640625,0.0048828125,30.3683894886155,14.5582244704276
27.6621643066406,-13.6187896728516,162.512280273438,0.0288543701171875,0.00244140625,30.8328844949828,20.4886191624793
647.383877563477,-229.029968261719,5514.87283935547,4.16080017089844,0.65948486328125,686.702709541098,156.639620653125
645.004336547851,-232.544494628906,5471.45352783203,4.23005065917969,0.66070556640625,685.643884350869,292.56429007544
644.409451293945,-233.27668762207,5437.33835449219,4.20696716308594,0.55999755859375,685.333170001926,423.776207575498
641.286303710937,-231.080108642578,5425.55311279297,4.2011962890625,0.469970703125,681.649572681963,554.032444214168
640.691418457031,-236.351898193359,5415.00842285156,4.18965454101563,0.37200927734375,682.89656132103,684.445179579377
636.081057739258,-237.230529785156,5391.43793945313,4.12040405273437,0.29449462890625,678.879544747696,682.880546620697
634.742565917969,-236.644775390625,5401.36235351562,4.00498657226562,0.23284912109375,677.42075160701,681.235920071925
639.055484008789,-234.887512207031,5396.40014648438,4.22427978515625,0.1837158203125,680.855384815686,680.340363034677
638.758041381836,-232.251617431641,5393.29876708984,4.2011962890625,0.1483154296875,679.670986014242,679.944645701133
639.204205322266,-231.080108642578,5402.60290527344,4.21850891113281,0.1220703125,679.691130376096,679.303559512146
639.947811889648,-232.690933227539,5399.50152587891,4.18965454101563,0.10101318359375,680.939257458881,679.715502054383
637.568270874023,-229.469284057617,5390.19738769531,4.22427978515625,0.08270263671875,677.605676150375,679.752486963056
638.014434814453,-232.251617431641,5399.50152587891,4.17811279296875,0.07598876953125,678.972188555039,679.375847710927
636.378500366211,-233.27668762207,5379.65269775391,4.24159240722656,0.05523681640625,677.787288694818,678.999108247042
633.40407409668,-233.569564819336,5370.34855957031,4.00498657226562,0.045166015625,675.096632114371,678.080208594697
634.593844604492,-237.523406982422,5367.86745605469,3.98767395019531,0.04669189453125,677.588899314656,677.410136965852
633.552795410156,-234.448196411133,5364.76607666016,4.01075744628906,0.037841796875,675.540599351702,676.997121606117
634.296401977539,-234.155319213867,5379.65269775391,4.08000793457031,0.0347900390625,676.136553573167,676.429994609743
636.527221679688,-232.837371826172,5376.55131835937,4.2011962890625,0.0396728515625,677.775881584895,676.427713187758
637.27082824707,-230.64079284668,5377.79187011719,4.155029296875,0.02960205078125,677.723604325282,676.95310762994
636.378500366211,-231.080108642578,5380.27297363281,4.13771667480469,0.030517578125,677.034424781054,676.84221272322
638.609320068359,-233.423126220703,5374.07021484375,4.27044677734375,0.03265380859375,679.932511013276,677.720595055535
636.973385620117,-229.176406860352,5376.55131835937,4.16657104492188,0.0286865234375,676.946762640738,677.882636869049
633.106631469726,-233.716003417969,5374.07021484375,4.06846618652344,0.02197265625,674.868266452507,677.301113842572
631.768139648437,-236.205459594727,5348.01862792969,3.98767395019531,0.0189208984375,674.48054191148,676.652501359811
630.875811767578,-234.887512207031,5356.08221435547,3.89533996582031,0.00762939453125,673.183803477333,675.882377099067
633.998959350586,-233.862442016602,5357.32276611328,4.09732055664063,0.01007080078125,675.756111510354,675.047097198482
633.40407409668,-231.958740234375,5363.52552490234,4.16080017089844,0.00885009765625,674.541013025443,674.565947275423
632.809188842773,-229.908599853516,5378.41214599609,4.09154968261719,0.0079345703125,673.279610392631,674.248216063448
638.609320068359,-231.958740234375,5365.38635253906,4.17811279296875,0.00152587890625,679.431174475598,675.238342576272
636.675942993164,-230.787231445313,5365.38635253906,4.1088623046875,0.0079345703125,677.214148245905,676.044411529986
634.445123291016,-230.787231445313,5371.58911132813,4.10309143066406,-0.00030517578125,675.117294005971,675.91664802911
637.568270874023,-232.398056030273,5359.18359375,4.10309143066406,0.00640869140625,678.603091999987,676.729063824018
630.429647827148,-234.155319213867,5343.67669677734,3.98190307617188,0.01251220703125,672.510412094572,676.575224164406
630.280926513672,-237.084091186523,5349.87945556641,3.91842346191406,0.00946044921875,673.396549308557,675.368299130998
631.916860961914,-236.205459594727,5347.39835205078,4.04538269042969,0.01007080078125,674.619847254967,674.849438932811
633.106631469726,-232.983810424805,5358.56331787109,4.02229919433594,0.00885009765625,674.615047809494,674.748989693515
634.891287231445,-232.251617431641,5361.66469726563,4.14925842285156,0.01190185546875,676.038283236988,674.236027940916
635.783615112305,-231.080108642578,5359.80386962891,4.18965454101563,0.01220703125,676.475292864076,675.029004094816
634.593844604492,-229.322845458984,5364.14580078125,4.12040405273437,0.02227783203125,674.757967762749,675.301287785655
637.122106933594,-231.665863037109,5363.52552490234,4.25890502929687,0.023193359375,677.933367846893,675.96399190404
635.040008544922,-228.297775268555,5352.98083496094,4.13771667480469,0.015869140625,674.8301168778,676.007005717701
631.768139648437,-233.130249023438,5360.42414550781,4.03384094238281,0.02105712890625,673.409752887926,675.481299647889
634.147680664062,-236.205459594727,5339.334765625,4.07423706054688,0.01007080078125,676.709908331455,675.528222741365
629.239877319336,-234.155319213867,5331.27117919922,3.89533996582031,0.01007080078125,671.395216489514,674.855672486717
633.40407409668,-232.105178833008,5349.87945556641,4.02229919433594,0.00457763671875,674.591383819401,674.187275681219
634.296401977539,-231.665863037109,5354.84166259766,4.12617492675781,0.00244140625,675.278459347239,674.276944175107
632.51174621582,-229.908599853516,5358.56331787109,4.08577880859375,-0.00244140625,673.000054522725,674.195004502066
635.783615112305,-230.787231445313,5364.76607666016,4.17811279296875,-0.00030517578125,676.375303691274,674.12808357403
636.229779052734,-231.372985839844,5355.46193847656,4.16657104492188,0.001220703125,676.994675259662,675.24797532806
633.850238037109,-230.201477050781,5352.36055908203,4.11463317871094,0.00396728515625,674.358097968773,675.201318157935
635.783615112305,-231.080108642578,5352.98083496094,4.23005065917969,0.00823974609375,676.475292864076,675.440684861302
631.321975708008,-234.594635009766,5334.99283447266,3.99921569824219,0.00213623046875,673.499873635643,675.540648683886
629.091156005859,-235.033950805664,5334.99283447266,3.91265258789063,0.0006103515625,671.562834436293,674.578154832889
632.51174621582,-235.473266601563,5340.57531738281,4.02807006835937,0.00274658203125,674.921305327515,674.16348084646
633.998959350586,-230.201477050781,5344.29697265625,4.08577880859375,0.00732421875,674.497887686824,674.19143879007
634.147680664062,-230.64079284668,5360.42414550781,4.14348754882812,0.010986328125,674.787711963218,673.853922609899
634.742565917969,-231.519424438477,5348.63890380859,4.12040405273437,0.01708984375,675.647370216484,674.283421926067
633.552795410156,-227.858459472656,5346.77807617188,4.11463317871094,0.015869140625,673.281978167599,674.627250672328
634.891287231445,-231.812301635742,5361.04442138672,4.16657104492188,0.0115966796875,675.887483085803,674.820486223986
633.998959350586,-231.958740234375,5343.67669677734,4.08577880859375,0.0152587890625,675.099650147105,674.940838716042
630.132205200195,-233.130249023438,5338.71448974609,3.91842346191406,0.006103515625,671.875218355455,674.358339994489
630.132205200195,-237.523406982422,5334.37255859375,3.93573608398437,0.00091552734375,673.412180536555,673.911302058504
630.875811767578,-235.32682800293,5328.16979980469,3.94727783203125,0.00274658203125,673.337215554971,673.922349535978
629.686041259766,-233.423126220703,5351.12000732422,3.99921569824219,0.00457763671875,671.558535357895,673.056559990396
633.998959350586,-229.762161254883,5357.94304199219,4.08000793457031,-0.00244140625,674.348078667197,672.906245694415
926.385061645508,-273.400863647461,8276.961328125,5.59774780273438,0.02960205078125,965.886802209829,731.708562465289
1066.18309631348,-306.935302734375,9513.79143066406,6.33641967773437,0.030517578125,1109.48441851575,818.923010061129
1067.07542419434,-310.596267700195,9459.20715332031,6.46914978027344,0.028076171875,1111.3595288784,906.527472725814
1063.65483398438,-308.399688720703,9436.87722167969,6.40567016601563,0.02777099609375,1107.46195142829,993.708155939893
1059.93680114746,-312.353530883789,9417.02839355469,6.30756530761719,0.020751953125,1105.00260211562,1079.83906062958
1057.55726013184,-315.575180053711,9390.35653076172,6.25562744140625,0.0244140625,1103.63719252456,1107.38913869252
1054.13666992187,-313.817916870117,9386.63487548828,6.12289733886719,0.01373291015625,1099.85717428341,1105.46368984605
1058.89575195313,-311.474899291992,9389.11597900391,6.31333618164062,0.02227783203125,1103.75578204299,1103.94294047897
1059.0444732666,-309.2783203125,9382.29294433594,6.39412841796875,0.02105712890625,1103.28068766378,1103.10668772607
1056.96237487793,-307.667495727539,9395.93901367188,6.30179443359375,0.0213623046875,1100.83093608185,1102.27235451932
1059.0444732666,-310.010513305664,9377.95101318359,6.42298278808594,0.02227783203125,1103.48616426151,1102.24214886671
1056.66493225098,-308.692565917969,9371.74825439453,6.36527404785156,0.02685546875,1100.83235749227,1102.43718550848
1056.66493225098,-306.349548339844,9378.5712890625,6.34219055175781,0.02105712890625,1100.17763330154,1101.72155576019
1055.77260437012,-309.571197509766,9365.54549560547,6.33641967773437,0.0140380859375,1100.22275856578,1101.10996994059
1051.16224365234,-311.328460693359,9344.45611572266,6.19214782714844,0.01373291015625,1096.2971645124,1100.2032156267
1050.86480102539,-313.817916870117,9350.65887451172,6.16329345703125,0.01068115234375,1096.72171264311,1098.85032530302
1054.13666992187,-311.914215087891,9351.27915039062,6.31910705566406,0.00885009765625,1099.31551269318,1098.5469563432
1052.0545715332,-306.642425537109,9352.51970214844,6.2787109375,0.01007080078125,1095.83228580983,1097.67788684486
1055.02899780273,-308.25325012207,9357.48190917969,6.36527404785156,0.00213623046875,1099.13886857642,1097.46110884699
1054.73155517578,-307.813934326172,9353.13997802734,6.35950317382813,-0.0006103515625,1098.73020876322,1097.94771769715
1053.24434204102,-307.228179931641,9353.13997802734,6.33064880371094,0.0054931640625,1097.13845916799,1098.03106700213
1056.66493225098,-307.813934326172,9351.27915039062,6.44606628417969,0.0054931640625,1100.58629703187,1098.28522386987
1051.31096496582,-307.667495727539,9341.35473632813,6.22677307128906,0.00152587890625,1095.40587591295,1098.19994189049
1048.33653869629,-310.742706298828,9330.18977050781,6.12289733886719,-0.00030517578125,1093.42147769451,1097.05646371411
1048.03909606934,-309.2783203125,9338.25335693359,6.21523132324219,0.01190185546875,1092.72092791579,1095.85460754462
1054.28539123535,-309.424758911133,9345.69666748047,6.34219055175781,0.0128173828125,1098.75446192472,1096.17780809597
1054.28539123535,-308.25325012207,9341.97501220703,6.371044921875,0.01434326171875,1098.42512370352,1095.7455734303
1053.54178466797,-306.203109741211,9341.97501220703,6.29602355957031,0.0177001953125,1097.13747381837,1096.09189301138
1055.77260437012,-308.25325012207,9339.49390869141,6.4172119140625,0.02288818359375,1099.85265301734,1097.37812807595
1052.94689941406,-304.885162353516,9334.53170166016,6.31333618164062,0.02227783203125,1096.19894873559,1098.07373223991
1050.41863708496,-306.349548339844,9341.97501220703,6.24408569335938,0.02105712890625,1094.17976535095,1097.15879292515
1049.67503051758,-311.035583496094,9325.84783935547,6.27294006347656,0.00640869140625,1094.7880177883,1096.43137174211
1048.63398132324,-311.035583496094,9314.06259765625,6.1402099609375,0.00732421875,1093.78990715155,1095.76185840874
1047.89037475586,-309.571197509766,9335.77225341797,6.20368957519531,0.0115966796875,1092.66123013201,1094.32357383168
1050.41863708496,-310.010513305664,9332.67087402344,6.26716918945313,0.008544921875,1095.21040512564,1094.12586510969
1051.60840759277,-307.081741333008,9325.22756347656,6.31333618164062,0.00335693359375,1095.52701417168,1094.39531487384
1052.20329284668,-306.788864135742,9335.15197753906,6.36527404785156,0.00946044921875,1096.0160476175,1094.64092083968
1051.16224365234,-306.495986938477,9330.81004638672,6.34219055175781,0.00457763671875,1094.93463388899,1094.86986618717
1052.35201416016,-304.299407958984,9333.29114990234,6.30756530761719,0.0030517578125,1095.46469198744,1095.43055855825
1054.28539123535,-307.521057128906,9330.81004638672,6.35373229980469,0.00213623046875,1098.21987176975,1096.03245188707
1049.37758789062,-309.424758911133,9320.26535644531,6.16906433105469,0.00885009765625,1094.04616145497,1095.73628134373
1044.91594848633,-310.889144897461,9319.64508056641,6.10558471679687,0.00579833984375,1090.18411280671,1094.56989438157
1046.55188293457,-311.914215087891,9306.61928710938,6.19791870117187,0.010986328125,1092.04456010173,1093.99187962412
1047.89037475586,-308.25325012207,9313.44232177734,6.22100219726562,0.01007080078125,1092.28856247642,1093.35665372192
1049.5263092041,-307.374618530273,9326.46811523437,6.23831481933594,0.01434326171875,1093.61082192351,1092.43484375267
1051.31096496582,-307.667495727539,9327.70866699219,6.35373229980469,0.02197265625,1095.40587591295,1092.70678664426
1050.26991577148,-305.763793945313,9316.54370117188,6.30756530761719,0.02044677734375,1093.87311588798,1093.44458726052
1051.31096496582,-306.935302734375,9333.29114990234,6.30179443359375,0.015869140625,1095.20044974516,1094.0757651892
1051.4596862793,-306.495986938477,9327.08839111328,6.34796142578125,0.0238037109375,1095.22018876569,1094.66209044706
1048.78270263672,-306.642425537109,9316.54370117188,6.28448181152344,0.0146484375,1092.69150929677,1094.47822792171
1048.18781738281,-307.667495727539,9312.20177001953,6.19214782714844,0.01220703125,1092.40880097013,1093.87881293315
1042.83385009766,-287.166091918945,9405.24315185547,6.01902160644531,0.01312255859375,1081.6500373307,1091.43419722169
1260.56185302734,-359.946075439453,11307.6292724609,7.08086242675781,0.02227783203125,1310.94521721237,1134.58315071513
1261.4541809082,-358.628128051758,11264.2099609375,7.28284301757813,0.0164794921875,1311.44225368893,1177.82756369978
1257.88486938477,-357.895935058594,11242.5003051758,7.30592651367188,0.020751953125,1307.80879525969,1220.85102089236
1255.20788574219,-355.845794677734,11241.259753418,7.23090515136719,0.00823974609375,1304.67354768126,1263.30397023459
1257.58742675781,-357.16374206543,11217.6892700195,7.35786437988281,0.0079345703125,1307.3224830108,1308.43845937061
1254.91044311523,-355.552917480469,11202.1823730469,7.26553039550781,0.0146484375,1304.30751641189,1307.11091921051
1254.91044311523,-356.431549072266,11202.8026489258,7.27707214355469,0.01800537109375,1304.54730439863,1305.73192935245
1254.76172180176,-358.628128051758,11182.9538208008,7.28284301757813,0.0103759765625,1305.00617344472,1305.17140498946
1249.25903320313,-358.774566650391,11163.1049926758,7.09240417480469,0.01129150390625,1299.75663941939,1304.18802333708
1248.51542663574,-360.82470703125,11160.0036132812,7.15011291503906,0.00946044921875,1299.60964899143,1302.64545653321
1248.51542663574,-355.992233276367,11169.9280273438,7.18473815917969,0.01861572265625,1298.27625746623,1301.43920474408
1251.48985290527,-356.138671875,11161.864440918,7.30592651367188,0.02166748046875,1301.17700776249,1300.76514541685
1250.00263977051,-354.527847290039,11159.3833374023,7.28284301757813,0.0286865234375,1299.30619714421,1299.62515015675
1248.36670532227,-354.234970092773,11158.1427856445,7.24244689941406,0.0250244140625,1297.65243612987,1299.20430949885
1250.30008239746,-355.552917480469,11153.1805786133,7.31746826171875,0.0189208984375,1299.87236803156,1299.25685330687
1247.62309875488,-352.184829711914,11155.04140625,7.19627990722656,0.0238037109375,1296.3786294235,1298.87732769833
1245.09483642578,-358.774566650391,11145.7372680664,7.12125854492187,0.01220703125,1295.75473812343,1297.79287377051
1241.52552490234,-359.79963684082,11125.8884399414,7.109716796875,0.01190185546875,1292.61030773193,1296.45369588806
1242.4178527832,-357.017303466797,11136.4331298828,7.04623718261719,0.00518798828125,1292.69620402055,1295.46244946619
1245.24355773926,-356.577987670898,11133.9520263672,7.20782165527344,0.0067138671875,1295.29123342303,1294.54622254449
1247.02821350098,-354.527847290039,11137.0534057617,7.23090515136719,0.003662109375,1296.44489268597,1294.55947519698
1245.83844299316,-353.063461303711,11137.6736816406,7.20205078125,0.009765625,1294.90047252574,1294.38862207744
1247.47437744141,-355.260040283203,11138.9142333984,7.25398864746094,0.003662109375,1297.0744075013,1295.28144203132
1246.43332824707,-354.820724487305,11127.1289916992,7.27130126953125,0.00701904296875,1295.95284956312,1295.93277113983
1245.68972167969,-354.234970092773,11142.015612793,7.26553039550781,0.01068115234375,1295.07733233774,1295.88999092278
1243.16145935059,-356.285110473633,11124.6478881836,7.22513427734375,0.0067138671875,1293.20899082859,1295.2428105513
1241.52552490234,-357.456619262695,11104.7990600586,7.0635498046875,-0.00030517578125,1291.96008593097,1294.65473323234
1239.44342651367,-359.653198242188,11118.4451293945,7.0635498046875,0.00732421875,1290.5698084698,1293.35381342604
1243.16145935059,-358.335250854492,11113.4829223633,7.17896728515625,0.0018310546875,1293.77531512223,1292.91830653787
1243.31018066406,-355.11360168457,11123.4073364258,7.15011291503906,0.0079345703125,1293.02972720827,1292.50878551197
1245.24355773926,-353.502777099609,11125.2681640625,7.28284301757813,0.01434326171875,1294.44804125475,1292.7565955972
1245.09483642578,-354.527847290039,11119.0654052734,7.32323913574219,0.01312255859375,1294.58531823834,1293.28164205868
1242.71529541016,-353.649215698242,11126.5087158203,7.24244689941406,0.01373291015625,1292.05614166349,1293.57890869741
1243.90506591797,-353.649215698242,11121.5465087891,7.26553039550781,0.02166748046875,1293.20051839626,1293.46394935222
1243.01273803711,-354.381408691406,11104.7990600586,7.22513427734375,0.0146484375,1292.54278449443,1293.36656080945
1240.78191833496,-357.895935058594,11114.7234741211,7.07509155273438,0.00732421875,1291.367209278,1292.7503944141
1238.40237731934,-359.067443847656,11096.7354736328,7.08663330078125,0.0067138671875,1289.40679282431,1291.7146893313
1240.33575439453,-357.456619262695,11098.5963012695,7.06932067871094,0.0048828125,1290.81680275869,1291.46682155034
1242.4178527832,-356.138671875,11114.1031982422,7.15011291503906,0.00396728515625,1292.45381910508,1291.3174816921
1243.60762329102,-356.870864868164,11112.2423706055,7.25975952148437,0.00762939453125,1293.79934104918,1291.56879300305
1243.01273803711,-352.331268310547,11112.8626464844,7.18473815917969,0.00274658203125,1291.98219397631,1291.69178994271
1243.60762329102,-354.088531494141,11109.1409912109,7.31169738769531,-0.00732421875,1293.03465106052,1292.41736158996
1240.48447570801,-353.795654296875,11113.4829223633,7.16165466308594,0.0006103515625,1289.95081281106,1292.24416360043
1240.63319702148,-355.992233276367,11106.6598876953,7.21936340332031,0.01251220703125,1290.69795060845,1291.8929899011
1238.84854125977,-357.895935058594,11084.3299560547,7.02315368652344,0.00640869140625,1289.50967755691,1291.03505720265
1237.06388549805,-359.506759643555,11094.8746459961,7.0635498046875,0.00152587890625,1288.24383058214,1290.28738452381
1241.07936096191,-357.895935058594,11094.8746459961,7.21359252929688,0.0054931640625,1291.65300314639,1290.01105494099
1239.74086914062,-352.038391113281,11102.9382324219,7.20782165527344,0.009765625,1288.75461257571,1289.77181489392
1242.26913146973,-354.674285888672,11102.317956543,7.25398864746094,0.02044677734375,1291.90806332076,1290.01383743638
1243.31018066406,-354.234970092773,11105.4193359375,7.294384765625,0.01922607421875,1292.78869865865,1290.66964165673
1240.78191833496,-352.917022705078,11100.4571289062,7.24244689941406,0.025634765625,1289.99619913471,1291.02011536725
1242.86401672363,-355.845794677734,11109.1409912109,7.2482177734375,0.02197265625,1292.80207056464,1291.2499288509
1240.48447570801,-353.502777099609,11097.9760253906,7.21359252929688,0.0274658203125,1289.87051593937,1291.47310952363
1237.21260681152,-355.699356079102,11097.9760253906,7.14434204101562,0.013427734375,1287.32943195145,1290.55738324977
1238.10493469238,-359.213882446289,11078.7474731445,7.09817504882813,0.0128173828125,1289.1619148314,1289.83202648432
1238.40237731934,-356.138671875,11088.671887207,7.12702941894531,0.00640869140625,1288.59427352254,1289.55164136188
1241.07936096191,-356.870864868164,11089.2921630859,7.23090515136719,0.00823974609375,1291.36934855888,1289.26509696073
1240.33575439453,-352.624145507813,11096.1151977539,7.21936340332031,0.00579833984375,1289.48694123848,1289.18838202055
1241.22808227539,-353.942092895508,11098.5963012695,7.27130126953125,-0.00152587890625,1290.70606930947,1289.86370949215
1241.52552490234,-353.209899902344,11094.2543701172,7.25398864746094,0.00823974609375,1290.79156426321,1290.18963937851
1239.2947052002,-352.184829711914,11096.1151977539,7.23667602539062,-0.00335693359375,1288.36544528967,1290.14387373194
1240.48447570801,-355.406478881836,11094.2543701172,7.27130126953125,0.0091552734375,1290.39354450639,1289.94871292144
1236.61772155762,-355.11360168457,11074.4055419922,7.09817504882813,0.0103759765625,1286.59591922707,1289.37050851916
1235.13050842285,-359.360321044922,11077.5069213867,7.02315368652344,0.008544921875,1286.34645923188,1288.49858650364
1235.72539367676,-361.556900024414,11066.9622314453,7.09817504882813,0.0079345703125,1287.53277260536,1287.84682817207
1238.10493469238,-354.088531494141,11078.1271972656,7.16165466308594,0.00732421875,1287.74318769128,1287.7223766524
1238.84854125977,-354.088531494141,11095.494921875,7.13857116699219,0.00762939453125,1288.45814690161,1287.33529713144
1239.44342651367,-356.577987670898,11089.2921630859,7.21936340332031,0.018310546875,1289.71619700591,1287.95935268721
1238.25365600586,-352.770584106445,11093.0138183594,7.22513427734375,0.01953125,1287.52444700001,1288.19495024083
1240.93063964844,-354.967163085938,11090.5327148438,7.21359252929688,0.0213623046875,1290.70156863915,1288.82870944759
1239.8895904541,-352.917022705078,11082.469128418,7.28861389160156,0.0164794921875,1289.13793731759,1289.10765937285
1238.25365600586,-353.502777099609,11094.2543701172,7.16742553710938,0.023193359375,1287.72525409305,1288.96108081114
1238.10493469238,-356.724426269531,11076.2663696289,7.15011291503906,0.0189208984375,1288.47046749507,1288.71193490897
1235.57667236328,-358.481689453125,11062.620300293,7.05200805664063,0.00946044921875,1286.52976450663,1288.5129984103
1233.34585266113,-357.603057861328,11072.5447143555,7.00007019042969,0.00640869140625,1284.14249180852,1287.20118304417
1238.25365600586,-356.724426269531,11083.0894042969,7.20205078125,0.0079345703125,1288.61337604,1287.09627078865
1236.76644287109,-353.063461303711,11090.5327148438,7.1558837890625,0.0018310546875,1286.17457676622,1286.78613532329
1237.80749206543,-336.808776855469,11177.9916137695,7.11548767089844,0.0048828125,1282.81235556109,1285.65451293649
1390.09811706543,-388.062286376953,12477.4695800781,7.38094787597656,0.02044677734375,1443.24811213352,1316.99818246187
1377.30808410645,-384.987075805664,12348.4521972656,7.35786437988281,0.01251220703125,1430.102306509,1346.19014540197
1373.88749389648,-387.330093383789,12313.096472168,7.38094787597656,0.0146484375,1427.44227453367,1373.9559251007
1371.50795288086,-385.572830200195,12276.5001953125,7.43865661621094,0.01373291015625,1424.67556735,1401.65612321745
1363.6257232666,-387.330093383789,12252.9297119141,7.31169738769531,0.0213623046875,1417.56823976663,1428.60730005856
1363.17955932617,-391.283935546875,12233.0808837891,7.27130126953125,0.01068115234375,1418.22481616341,1423.60264086454
1360.65129699707,-390.405303955078,12211.9915039063,7.16742553710938,0.00946044921875,1415.55227857401,1420.69263527754
1357.82559204102,-387.769409179688,12221.9159179688,7.18473815917969,0.01617431640625,1412.11028361708,1417.62623709422
1364.22060852051,-386.890777587891,12222.5361938477,7.4328857421875,0.015869140625,1418.02057195748,1416.29523801572
1361.0974609375,-385.133514404297,12207.029296875,7.36940612792969,0.0189208984375,1414.53671641563,1415.68893334552
1362.43595275879,-384.987075805664,12215.7131591797,7.35786437988281,0.028076171875,1415.78486144864,1415.20094240257
1362.58467407227,-385.865707397461,12206.4090209961,7.479052734375,0.023193359375,1416.16712931842,1415.32391255145
1359.61024780273,-384.108444213867,12191.5223999023,7.3405517578125,0.02197265625,1412.82671366541,1415.46719856112
1360.35385437012,-382.790496826172,12195.2440551758,7.42134399414063,0.0274658203125,1413.18476271154,1414.50003671193
1357.82559204102,-387.037216186523,12179.7371582031,7.40980224609375,0.0189208984375,1411.9093969214,1413.97457281308
1353.06651000977,-387.183654785156,12168.5721923828,7.21936340332031,0.01007080078125,1407.37349806041,1412.29230013544
1353.66139526367,-389.526672363281,12163.6099853516,7.20205078125,0.013427734375,1408.5915666046,1410.77718759267
1355.44605102539,-388.208724975586,12162.3694335938,7.28284301757813,0.00701904296875,1409.94326530804,1410.2004979212
1355.44605102539,-383.22981262207,12176.6357788086,7.33478088378906,0.0054931640625,1408.58052184555,1409.279649748
1357.37942810059,-386.597900390625,12171.6735717773,7.47328186035156,0.01007080078125,1411.35992872729,1409.16975610918
1357.23070678711,-383.815567016602,12167.331640625,7.35786437988281,0.006103515625,1410.4572240696,1409.78650131102
1355.89221496582,-383.376251220703,12171.6735717773,7.33478088378906,-0.00030517578125,1409.04969699616,1409.87812738933
1357.08198547363,-385.572830200195,12164.8505371094,7.48482360839844,0.00885009765625,1410.79336640262,1410.04814760824
1357.37942810059,-383.815567016602,12156.1666748047,7.39248962402344,0.009765625,1410.60033365761,1410.45210997066
1351.13313293457,-388.062286376953,12135.0772949219,7.21359252929688,0.00030517578125,1405.75712021021,1409.33154826724
1349.19975585938,-387.769409179688,12142.5206054687,7.17319641113281,0.00640869140625,1403.81804230697,1408.00371191471
1355.74349365234,-387.330093383789,12148.1030883789,7.37517700195312,0.01007080078125,1409.987596336,1408.19129178268
1354.25628051758,-384.108444213867,12143.7611572266,7.36940612792969,0.0164794921875,1407.67516502839,1407.56765150783
1354.70244445801,-384.401321411133,12159.2680541992,7.34632263183594,0.02105712890625,1408.18432349005,1407.08444947432
1355.59477233887,-383.376251220703,12153.6855712891,7.45596923828125,0.03143310546875,1408.76347794529,1407.68572102134
1353.36395263672,-382.497619628906,12146.8625366211,7.37517700195312,0.0225830078125,1406.37776479802,1408.19766551955
1352.76906738281,-385.572830200195,12153.6855712891,7.39826049804688,0.02227783203125,1406.64514254888,1407.52917476212
1354.1075592041,-385.133514404297,12146.8625366211,7.41557312011719,0.02349853515625,1407.81216993287,1407.55657574302
1350.38952636719,-385.426391601563,12128.8745361328,7.28861389160156,0.01556396484375,1404.31669372161,1406.78304978933
1348.90231323242,-388.794479370117,12131.3556396484,7.20782165527344,0.0067138671875,1403.81572787616,1405.79349977551
1348.90231323242,-389.233795166016,12121.4312255859,7.28284301757813,0.0140380859375,1403.93746226216,1405.30543926833
1348.90231323242,-384.547760009766,12135.0772949219,7.27130126953125,0.008544921875,1402.64551130081,1404.50551301872
1351.72801818848,-385.865707397461,12143.1408813477,7.47328186035156,0.0006103515625,1405.72436106837,1404.08795124582
1351.13313293457,-383.376251220703,12132.5961914063,7.35209350585937,0.003662109375,1404.4707518897,1404.11876287944
1351.87673950195,-383.376251220703,12144.3814331055,7.31746826171875,0.0042724609375,1405.18613315335,1404.39284393488
1352.76906738281,-384.2548828125,12129.4948120117,7.479052734375,0.00274658203125,1406.28445366967,1404.86224221638
1352.91778869629,-382.204742431641,12128.2542602539,7.39248962402344,0.01190185546875,1405.8687734309,1405.5068946424
1348.90231323242,-385.133514404297,12139.4192260742,7.32323913574219,0.00396728515625,1402.80621418683,1404.92326526609
1349.6459197998,-389.233795166016,12114.608190918,7.30592651367188,0.00701904296875,1404.65193415721,1404.95950171959
1345.92788696289,-386.451461791992,12109.0257080078,7.19627990722656,0.010986328125,1400.30946909087,1403.9841689071
1348.15870666504,-386.597900390625,12126.3934326172,7.33478088378906,0.01220703125,1402.49414791763,1403.22610775669
1351.579296875,-385.133514404297,12123.9123291016,7.38094787597656,0.010986328125,1405.38052486098,1403.1284580427
1349.79464111328,-383.815567016602,12125.1528808594,7.37517700195312,0.01953125,1403.30323261311,1403.22786172796
1351.72801818848,-383.522689819336,12123.2920532227,7.42711486816406,0.0146484375,1405.08301845905,1403.31407858833
1351.579296875,-384.840637207031,12122.6717773438,7.42134399414063,0.0213623046875,1405.30029238844,1404.31224324784
1349.19975585938,-379.56884765625,12160.508605957,7.36940612792969,0.0238037109375,1401.5750038161,1404.12841442754
1513.23936462402,-431.847427368164,13690.7291992187,7.87724304199219,0.03082275390625,1573.65357533741,1437.78302452282
1481.85916748047,-435.947708129883,13350.1977416992,7.7098876953125,0.015869140625,1544.65432912014,1466.05324382423
1475.16670837402,-436.094146728516,13302.4364990234,7.73874206542969,0.0152587890625,1538.27660786541,1492.6919617055
1476.95136413574,-435.947708129883,13283.8282226562,7.94072265625,0.00946044921875,1539.94666668886,1519.62123656559
1474.12565917969,-432.286743164063,13262.7388427734,7.93495178222656,-0.0018310546875,1536.20255414686,1546.54674663174
1475.01798706055,-430.968795776367,13249.0927734375,7.91186828613281,0.003662109375,1536.68870142429,1539.15377184911
1471.74611816406,-430.675918579102,13242.8900146484,7.98111877441406,0.01068115234375,1533.46613369025,1536.91613276314
1474.42310180664,-430.968795776367,13227.3831176758,8.05614013671875,0.01373291015625,1536.11769929067,1536.48435104819
1467.58192138672,-433.311813354492,13204.4329101563,7.87724304199219,0.0054931640625,1530.21430642041,1534.5378789945
1465.35110168457,-435.654830932617,13200.0909790039,7.76759643554688,0.0146484375,1528.74097967024,1533.04556409917
1466.68959350586,-436.240585327148,13191.4071166992,7.82530517578125,0.0103759765625,1530.19090703904,1531.74600522212
1466.54087219238,-429.650848388672,13186.444909668,7.83107604980469,0.01800537109375,1528.18257460681,1530.68929340543
1466.68959350586,-429.065093994141,13201.9518066406,7.8945556640625,0.0299072265625,1528.16073061134,1529.09789966957
1468.47424926758,-431.408111572266,13188.9260131836,8.01574401855469,0.0164794921875,1530.53244966983,1529.16152831945
1466.98703613281,-427.307830810547,13184.5840820312,8.01574401855469,0.01708984375,1527.95384303772,1529.00410099295
1466.54087219238,-430.968795776367,13185.8246337891,8.00997314453125,0.028076171875,1528.55364078063,1528.67664774127
1464.75621643066,-430.236602783203,13175.9002197266,8.01574401855469,0.015869140625,1526.63496224432,1528.36712526877
1459.40224914551,-431.554550170898,13156.0513916016,7.83107604980469,0.01556396484375,1521.87195735521,1527.10937061754
1460.44329833984,-434.483322143555,13159.1527709961,7.85993041992188,0.01922607421875,1523.70285321209,1525.74345132599
1457.46887207031,-431.993865966797,13144.8864257812,7.81953430175781,0.0128173828125,1520.1428266077,1524.18124803999
1461.03818359375,-430.09016418457,13164.7352539063,7.94649353027344,0.00457763671875,1523.02663248127,1523.07584638012
1463.41772460938,-430.09016418457,13160.3933227539,8.0792236328125,0.01708984375,1525.30947221513,1522.81074837428
1461.48434753418,-428.332901000977,13153.5702880859,7.99266052246094,0.008544921875,1522.9594781764,1523.02825253852
1459.84841308594,-429.211532592773,13161.0135986328,7.97534790039063,0.003662109375,1521.63725273147,1522.61513244239
1459.69969177246,-430.968795776367,13147.9878051758,8.08499450683594,0.01251220703125,1521.99122635236,1522.98481239132
1459.25352783203,-430.383041381836,13139.92421875,7.92918090820312,0.009765625,1521.39752227986,1522.65899035104
1456.42782287598,-433.311813354492,13136.8228393555,7.81953430175781,0.00732421875,1519.52003304985,1521.50110251799
1454.79188842773,-431.700988769531,13138.0633911133,7.88878479003906,0.01617431640625,1517.49305841566,1520.40781856584
1459.40224914551,-430.675918579102,13145.5067016602,8.01574401855469,0.02197265625,1521.62303861861,1520.40497574327
1458.8073638916,-428.625778198242,13141.7850463867,8.00997314453125,0.020751953125,1520.47327588498,1520.10138564979
1458.2124786377,-428.186462402344,13146.747253418,7.99266052246094,0.023193359375,1519.77869423128,1519.77762004008
1459.69969177246,-430.383041381836,13142.4053222656,8.03882751464844,0.02532958984375,1521.82546715111,1520.23870686033
1457.61759338379,-425.40412902832,13134.9620117187,7.95803527832031,0.0213623046875,1518.42606719468,1520.42530861613
1455.68421630859,-432.14030456543,13136.2025634766,7.84261779785156,0.0225830078125,1518.47350337102,1519.79540156661
1453.89956054687,-433.458251953125,13112.6320800781,7.92918090820312,0.0042724609375,1517.13875052503,1519.12849649462
1453.00723266602,-431.700988769531,13122.5564941406,7.84261779785156,0.00213623046875,1515.78222772414,1518.3292031932
1454.79188842773,-430.822357177734,13133.7214599609,7.95226440429687,0.00732421875,1517.2433364755,1517.41277705807
1456.42782287598,-429.504409790039,13123.7970458984,8.02151489257813,0.009765625,1518.43868538586,1517.41530069631
1454.79188842773,-427.747146606445,13132.4809082031,7.95226440429687,0.0030517578125,1516.37299503291,1516.99519902869
1456.72526550293,-429.065093994141,13129.9998046875,8.06768188476562,0.00152587890625,1518.59980048688,1517.28740902106
1456.2791015625,-427.747146606445,13118.2145629883,8.033056640625,0.00762939453125,1517.79986924418,1517.69093732507
1455.53549499512,-429.357971191406,13126.2781494141,7.95226440429687,0.00823974609375,1517.54138151692,1517.75054633335
1454.3457244873,-435.069076538086,13108.2901489258,7.88878479003906,0.010986328125,1518.02720255409,1517.668249767
1448.99175720215,-431.408111572266,13090.9224243164,7.70411682128906,0.008544921875,1511.84988380795,1516.763627522
1452.26362609863,-430.822357177734,13118.2145629883,7.86570129394531,0.0152587890625,1514.81931039096,1516.00752950282
1456.72526550293,-429.943725585938,13118.8348388672,7.99843139648438,0.023193359375,1518.84828285293,1516.21721222457
1453.45339660645,-427.45426940918,13112.6320800781,7.94072265625,0.018310546875,1515.006247031,1515.71018532739
1457.32015075684,-428.186462402344,13123.1767700195,8.02728576660156,0.0140380859375,1518.92253534753,1515.88925188607
1455.53549499512,-430.383041381836,13113.252355957,8.00420227050781,0.02197265625,1517.83172305093,1517.08561973467
1453.60211791992,-425.989883422852,13111.3915283203,7.94649353027344,0.02777099609375,1514.73644506227,1517.06904666893
1454.19700317383,-431.847427368164,13105.8090454102,7.99843139648438,0.0140380859375,1516.96444406724,1516.6922789118
1449.73536376953,-434.190444946289,13095.8846313477,7.82530517578125,0.01708984375,1513.35850592205,1516.36273069001
1448.84303588867,-432.286743164063,13103.3279418945,7.81376342773437,0.00518798828125,1511.95832315527,1514.96988825155
1454.04828186035,-432.14030456543,13107.049597168,8.00997314453125,0.00518798828125,1516.90528669754,1514.78460098088
1452.70979003906,-427.161392211914,13105.1887695313,7.96957702636719,0.0115966796875,1514.21021957711,1514.67935588384
1453.30467529297,-428.625778198242,13120.075390625,8.02151489257813,0.0115966796875,1515.19455416275,1514.32537790294
1453.7508392334,-426.136322021484,13128.1389770508,8.11961975097656,0.00946044921875,1514.92035022235,1514.637746763
1628.49838256836,-483.833129882813,14825.2137817383,8.67362365722656,0.0299072265625,1698.85298940196,1552.01668001234
1597.56434936523,-490.422866821289,14490.8850830078,8.59860229492188,0.00946044921875,1671.1452476263,1582.86467219809
1590.12828369141,-494.669586181641,14412.1100463867,8.55820617675781,0.02288818359375,1665.29455595354,1613.08153947338
1585.51792297363,-489.983551025391,14384.8179077148,8.56397705078125,0.02288818359375,1659.50322818188,1641.9432742772
1586.70769348145,-488.37272644043,14384.1976318359,8.68516540527344,0.02777099609375,1660.16542081928,1670.99228839659
1586.85641479492,-486.615463256836,14370.5515625,8.69670715332031,0.03692626953125,1659.79152011825,1663.17999453985
1585.0717590332,-486.029708862305,14356.9054931641,8.85829162597656,0.030517578125,1657.91355600387,1660.53365621536
1581.20500488281,-488.519165039063,14337.0566650391,8.71979064941406,0.0238037109375,1654.95022344387,1658.46478971343
1577.4869720459,-491.301498413086,14306.0428710938,8.56974792480469,0.02227783203125,1652.22344412536,1657.00883290213
1576.59464416504,-487.640533447266,14317.828112793,8.61591491699219,0.00396728515625,1650.28602426083,1655.03295359044
1580.31267700195,-486.908340454102,14316.5875610352,8.74864501953125,0.00640869140625,1653.62265619967,1653.79918080672
1578.97418518066,-484.711761474609,14306.0428710938,8.73710327148438,0.009765625,1651.69760221984,1652.55599004991
1577.04080810547,-484.272445678711,14312.2456298828,8.68516540527344,0.01007080078125,1649.72043452022,1651.51003226518
1580.015234375,-485.151077270508,14297.3590087891,8.79481201171875,0.00396728515625,1652.82174133626,1651.62969170736
1576.74336547852,-482.222305297852,14286.8143188477,8.79481201171875,0.0152587890625,1648.83534420733,1651.33955569666
1574.36382446289,-486.029708862305,14288.0548706055,8.67362365722656,0.00030517578125,1647.67907362878,1650.15083918248
1571.53811950684,-489.837112426758,14265.7249389648,8.65054016113281,0.009765625,1646.10827644285,1649.03297402709
1570.34834899902,-486.176147460938,14265.1046630859,8.62168579101563,0.0213623046875,1643.88600078105,1647.86608727925
1574.06638183594,-485.736831665039,14280.6115600586,8.78327026367188,0.01861572265625,1647.30848479029,1646.76343597006
1574.66126708984,-484.711761474609,14271.9276977539,8.76595764160156,0.01800537109375,1647.57506590286,1646.51138030917
1572.28172607422,-482.66162109375,14269.4465942383,8.77749938964844,0.01708984375,1644.69816885159,1645.91519935373
1573.32277526855,-483.979568481445,14267.5857666016,8.81212463378906,0.02166748046875,1646.08042874163,1645.90962981348
1574.21510314941,-483.833129882813,14262.0032836914,8.78904113769531,0.0225830078125,1646.89030859858,1646.51049137699
1569.15857849121,-485.736831665039,14249.5977661133,8.59860229492188,0.02410888671875,1642.61952809789,1645.57270003851
1569.60474243164,-488.812042236328,14237.1922485352,8.6332275390625,0.0128173828125,1643.95749948079,1644.8491867541
1567.07648010254,-487.34765625,14240.2936279297,8.62168579101563,0.00762939453125,1641.10829397177,1644.13121177813
1569.60474243164,-483.100936889648,14255.1802490234,8.65631103515625,0.013427734375,1642.26841980462,1643.36880999073
1572.13300476074,-485.297515869141,14247.7369384766,8.80058288574219,-0.00030517578125,1645.33153606402,1643.05705548382
1571.09195556641,-483.68669128418,14250.2180419922,8.77749938964844,0.0091552734375,1643.86214390712,1643.30557864566
1571.24067687988,-482.954498291016,14262.0032836914,8.77749938964844,0.00823974609375,1643.7890108227,1643.27188091405
1572.28172607422,-486.029708862305,14244.0152832031,8.84097900390625,0.0152587890625,1645.68973504841,1644.18816912937
1567.67136535645,-483.100936889648,14237.8125244141,8.70247802734375,0.006103515625,1640.42068536769,1643.81862224199
1568.41497192383,-487.933410644531,14232.8503173828,8.63899841308594,0.01220703125,1642.56036034541,1643.26438709826
1566.63031616211,-489.837112426758,14221.0650756836,8.587060546875,0.00518798828125,1641.42345061498,1642.77664843984
1565.88670959473,-485.151077270508,14235.9516967773,8.63899841308594,0.00762939453125,1639.3208212739,1641.88301053008
1569.90218505859,-484.565322875977,14243.3950073242,8.82943725585938,0.01739501953125,1642.98399955254,1641.3418634309
1569.75346374512,-485.004638671875,14231.609765625,8.80635375976562,0.01495361328125,1642.97152637318,1641.852031632
1566.77903747559,-482.368743896484,14237.1922485352,8.75441589355469,0.01739501953125,1639.35235912271,1641.21043138746
1568.86113586426,-481.929428100586,14236.5719726562,8.80635375976562,0.02838134765625,1641.21334301627,1641.16840986772
1566.48159484863,-485.736831665039,14226.6475585937,8.73710327148438,0.02349853515625,1640.06245510209,1641.31673663336
1564.84566040039,-488.958480834961,14208.0392822266,8.63899841308594,0.0115966796875,1639.45793994673,1640.6115247122
1564.25077514648,-486.32258605957,14208.6595581055,8.57551879882812,0.0067138671875,1638.10565753801,1639.63835094516
1567.82008666992,-485.736831665039,14222.9259033203,8.771728515625,0.0103759765625,1641.34094380225,1640.03606788107
1567.67136535645,-483.540252685547,14216.1028686523,8.77749938964844,0.00701904296875,1640.55011679794,1639.90342263741
1567.37392272949,-483.100936889648,14231.609765625,8.69670715332031,-0.00152587890625,1640.13643605527,1639.91821882804
1568.11752929687,-480.757919311523,14226.6475585937,8.8178955078125,-0.0030517578125,1640.15876142186,1640.05838312307
1568.41497192383,-484.272445678711,14222.9259033203,8.78904113769531,0.01220703125,1641.47656876316,1640.7325653681
1564.69693908691,-487.933410644531,14203.6973510742,8.6332275390625,0.003662109375,1639.01053212332,1640.26648303231
1562.46611938477,-485.883270263672,14198.735144043,8.57551879882812,0.00885009765625,1636.27104311829,1639.41066829638
1562.31739807129,-488.812042236328,14206.1784545898,8.65054016113281,0.01495361328125,1637.00118049789,1638.7836171849
1567.37392272949,-485.883270263672,14213.6217651367,8.75441589355469,0.013427734375,1640.95812438178,1638.94348977689
1564.99438171387,-479.586410522461,14230.9894897461,8.78327026367188,0.018310546875,1636.82941687697,1638.01405939965
1565.58926696777,-462.306655883789,14279.9912841797,8.81212463378906,0.0274658203125,1632.42065562745,1636.69608410047
1563.35844726563,-455.277603149414,14331.4741821289,8.73133239746094,0.01800537109375,1628.30197769525,1635.10227101587
1567.37392272949,-481.490112304688,14236.5719726562,8.76595764160156,0.018310546875,1639.66269150079,1635.63457321645
1564.10205383301,-482.368743896484,14224.786730957,8.59860229492188,0.0152587890625,1636.7940737591,1634.80176309191
1562.61484069824,-487.201217651367,14224.1664550781,8.59283142089844,0.01434326171875,1636.80486523329,1634.79685276318
1564.10205383301,-486.615463256836,14217.3434204102,8.61591491699219,0.0091552734375,1638.05062311435,1635.92284626055
1564.54821777344,-482.075866699219,14232.8503173828,8.70824890136719,0.00762939453125,1637.13416279541,1637.68928328059
1567.07648010254,-478.268463134766,14276.8899047852,8.79481201171875,0.00823974609375,1638.43505129738,1637.44375523991
1709.55149841309,-531.718551635742,15686.1567016602,9.61427612304687,0.008544921875,1790.33263498157,1668.1514674844
1703.90008850098,-538.601165771484,15576.9881469727,9.43537902832031,0.01220703125,1786.99936411965,1698.19036726167
1697.95123596191,-537.429656982422,15493.8711791992,9.50462951660156,0.020751953125,1780.97418170754,1726.77507898031
1694.38192443848,-535.379516601563,15460.9965576172,9.44692077636719,0.0201416015625,1776.95282229449,1754.73881088013
1687.09458007812,-538.308288574219,15437.4260742188,9.38344116210937,0.01678466796875,1770.8935415989,1781.23050894043
1685.30992431641,-541.529937744141,15398.3486938477,9.36612854003906,0.0164794921875,1770.17632298948,1777.19924654201
1680.55084228516,-539.479797363281,15384.7026245117,9.27379455566406,0.025634765625,1765.01829601522,1772.80303292113
1683.22782592773,-535.965270996094,15389.0445556641,9.39498291015625,0.02288818359375,1766.49785895464,1769.90776837055
1684.12015380859,-535.965270996094,15372.2971069336,9.50462951660156,0.0286865234375,1767.34814458787,1767.98683282922
1682.33549804688,-531.864990234375,15372.9173828125,9.44114990234375,0.023193359375,1764.40729306633,1766.68958312271
1683.67398986816,-532.450744628906,15366.7146240234,9.54502563476563,0.0225830078125,1765.86010193743,1765.8263389123
1681.44317016602,-534.647323608398,15353.0685546875,9.53348388671875,0.0274658203125,1764.39760120545,1765.70219995034
1679.06362915039,-534.061569213867,15350.5874511719,9.48154602050781,0.0274658203125,1761.95244840684,1764.79311784078
1680.69956359863,-535.379516601563,15342.5238647461,9.47000427246094,0.025634765625,1763.91106631745,1764.1057021867
1675.94048156738,-537.722534179688,15322.0547607422,9.34881591796875,0.02166748046875,1760.09148100914,1763.24253977526
1673.41221923828,-538.454727172852,15316.472277832,9.28533630371094,0.01007080078125,1757.90840168388,1761.65219972455
1678.17130126953,-537.429656982422,15328.8777954102,9.45846252441406,0.00640869140625,1762.12642923512,1761.19796533049
1675.34559631348,-533.915130615234,15318.9533813477,9.45846252441406,-0.001220703125,1758.3652162696,1760.48051890304
1676.23792419434,-531.718551635742,15333.8400024414,9.43537902832031,0.00457763671875,1758.55002677233,1759.40831099401
1679.06362915039,-534.500885009766,15322.0547607422,9.52771301269531,0.010986328125,1762.08565819369,1759.80714643092
1675.79176025391,-530.54704284668,15317.0925537109,9.510400390625,0.0115966796875,1757.77080087486,1759.77962626912
1676.38664550781,-532.450744628906,15314.6114501953,9.53925476074219,0.01373291015625,1758.91329538804,1759.1369994997
1675.196875,-533.18293762207,15300.3451049805,9.48154602050781,0.013427734375,1758.00131256523,1759.06421875883
1672.07372741699,-535.818832397461,15293.5220703125,9.33150329589844,0.00946044921875,1755.82811546858,1758.51983649808
1670.88395690918,-538.89404296875,15287.3193115234,9.40652465820313,0.015869140625,1755.63663296358,1757.23003145206
1672.22244873047,-537.429656982422,15289.1801391602,9.3718994140625,0.0152587890625,1756.46194215598,1756.96825970828
1673.11477661133,-531.572113037109,15305.3073120117,9.40652465820313,0.0201416015625,1755.52897073045,1756.29139477676
1674.45326843262,-534.061569213867,15294.7626220703,9.59696350097656,0.0244140625,1757.55953181559,1756.20303862684
1672.22244873047,-532.450744628906,15290.420690918,9.49885864257812,0.0213623046875,1754.94493175541,1756.0264018842
1672.81733398437,-533.036499023438,15299.1045532227,9.510400390625,0.028076171875,1755.68953467569,1756.03698222663
1675.79176025391,-533.18293762207,15292.2815185547,9.59696350097656,0.01617431640625,1758.56818710739,1756.45823121691
1672.51989135742,-531.425674438477,15280.4962768555,9.43537902832031,0.01800537109375,1754.9176716982,1756.33597141046
1669.24802246094,-536.111709594727,15274.2935180664,9.34881591796875,0.01800537109375,1753.22694642032,1755.4694543314
1669.69418640137,-539.626235961914,15263.1285522461,9.34881591796875,0.0115966796875,1754.72936678023,1755.42634133637
1669.69418640137,-534.647323608398,15269.3313110352,9.40652465820313,0.00579833984375,1753.20461918857,1754.92935823894
1671.03267822266,-533.915130615234,15279.8760009766,9.45846252441406,0.01129150390625,1754.25641751366,1754.0670043202
1670.1403503418,-532.011428833008,15286.0787597656,9.48731689453125,0.0054931640625,1752.82770124412,1753.64901022938
1672.6686126709,-534.940200805664,15278.0151733398,9.58542175292969,0.00152587890625,1756.12679105251,1754.22897915582
1671.77628479004,-530.54704284668,15269.9515869141,9.47577514648438,0.0042724609375,1753.94301819065,1754.0717094379
1668.50441589355,-533.768692016602,15273.0529663086,9.45269165039062,0.0103759765625,1751.80364265902,1753.79151413199
1664.78638305664,-537.136779785156,15253.2041381836,9.33150329589844,0.00885009765625,1749.29403514926,1752.79903765911
1667.16592407227,-535.23307800293,15250.1027587891,9.31419067382813,0.00518798828125,1750.9759182171,1752.42868105371
1668.2069732666,-534.940200805664,15263.748828125,9.41806640625,0.015869140625,1751.87771379549,1751.57886560231
1669.69418640137,-534.061569213867,15260.6474487305,9.51617126464844,0.01434326171875,1753.02607961596,1751.39547788737
1669.39674377441,-529.668411254883,15265.6096557617,9.510400390625,0.018310546875,1751.40917949116,1751.31658525379
1671.62756347656,-532.743621826172,15272.4326904297,9.57965087890625,0.0262451171875,1754.46700669208,1752.35117956236
1668.65313720703,-531.425674438477,15263.748828125,9.53348388671875,0.03021240234375,1751.23286280359,1752.40256847965
1669.09930114746,-530.254165649414,15269.3313110352,9.42383728027344,0.02716064453125,1751.30293132841,1752.28761198624
1669.84290771484,-534.2080078125,15256.925793457,9.49308776855469,0.0164794921875,1753.21234653894,1752.32486537083
1663.89405517578,-534.793762207031,15238.3175170898,9.33727416992187,0.0103759765625,1747.72646456614,1751.58832238583
1663.44789123535,-535.23307800293,15248.8622070313,9.30841979980469,0.0115966796875,1747.43621761821,1750.18216457106
1667.16592407227,-535.965270996094,15248.2419311523,9.44692077636719,0.00885009765625,1751.19987154569,1750.17556631948
1668.65313720703,-530.986358642578,15256.3055175781,9.51617126464844,0.006103515625,1751.09959893073,1750.13489983994
1669.39674377441,-532.011428833008,15253.2041381836,9.51617126464844,0.00579833984375,1752.11918787894,1749.91626810794
1667.31464538574,-530.107727050781,15264.3691040039,9.48154602050781,0.01129150390625,1749.55775240394,1750.2825256755
1668.65313720703,-523.225112915039,15304.6870361328,9.49885864257812,0.01129150390625,1748.76179369742,1750.54764089135
1664.93510437012,-516.928253173828,15338.8022094727,9.36612854003906,0.00518798828125,1743.33694984454,1748.97505655112
1664.19149780273,-517.367568969727,15351.8280029297,9.40652465820313,0.00396728515625,1742.75716689978,1747.30657014493
1798.78428649902,-581.946990966797,16563.8470703125,10.0182373046875,0.02838134765625,1890.5785383451,1774.99844023816
1783.76343383789,-579.750411987305,16403.1956176758,10.0528625488281,0.03509521484375,1875.61257409322,1800.20940457601
1779.74795837402,-579.164657592773,16348.611340332,10.1105712890625,0.03326416015625,1871.6128060956,1824.77960705565
1773.35294189453,-577.553833007813,16315.1164428711,10.0066955566406,0.0360107421875,1865.03326687435,1849.11887046161
1774.09654846191,-577.114517211914,16296.5081665039,10.1682800292969,0.0341796875,1865.60438711995,1873.68831450565
1772.01445007324,-577.260955810547,16270.4565795898,10.1221130371094,0.02532958984375,1863.66988020188,1868.306582877
1765.02454833984,-579.603973388672,16244.4049926758,9.94321594238281,0.01983642578125,1857.75467223479,1864.73500250532
1763.68605651855,-582.386306762695,16229.518371582,9.96052856445312,0.018310546875,1857.35357868734,1861.88315702366
1763.09117126465,-579.896850585938,16217.1128540039,9.97784118652344,0.00732421875,1856.00938454277,1860.07838055735
1762.7937286377,-576.089447021484,16233.8603027344,10.0066955566406,0.01556396484375,1854.54058480636,1857.86562009463
1765.9168762207,-576.821640014648,16216.492578125,10.1509674072266,0.015869140625,1857.73669235182,1856.67898252462
1763.3886138916,-573.892868041992,16205.3276123047,10.0817169189453,0.00518798828125,1854.4250935511,1856.01306678788
1762.94244995117,-574.185745239258,16205.9478881836,10.1221130371094,0.009765625,1854.0915165859,1855.36065436759
1761.90140075684,-576.089447021484,16200.9856811523,10.1798217773438,0.01434326171875,1853.69242242569,1854.89726194417
1760.11674499512,-574.039306640625,16191.0612670898,10.0297790527344,0.01800537109375,1851.35952250789,1854.26104948448
1758.18336791992,-578.286026000977,16181.7571289063,10.0355499267578,0.01617431640625,1850.84399210151,1852.88250943442
1754.91149902344,-580.775482177734,16162.5285766602,9.87396545410156,0.00152587890625,1848.51684604265,1851.70085993273
1755.95254821777,-576.675201416016,16171.2124389648,9.97784118652344,0.00885009765625,1848.22175063511,1850.52690674257
1758.77825317383,-576.235885620117,16171.8327148437,10.1105712890625,0.018310546875,1850.769769505,1849.94237615843
1757.58848266602,-575.210815429688,16163.769128418,10.1394256591797,0.0262451171875,1849.32007953937,1849.53448756473
1757.73720397949,-573.160675048828,16172.4529907227,10.0182373046875,0.02899169921875,1848.82482611957,1849.13065436834
1760.71163024902,-574.039306640625,16171.2124389648,10.2202178955078,0.0164794921875,1851.92509850226,1849.81230486026
1756.99359741211,-573.307113647461,16154.4649902344,10.0932586669922,0.02166748046875,1848.16329037938,1849.80061280912
1755.06022033691,-574.625061035156,16160.6677490234,10.0586334228516,0.0262451171875,1846.73504807233,1848.99366852258
1755.65510559082,-579.457534790039,16143.920300293,10.0240081787109,0.01739501953125,1848.80931531947,1848.8915156786
1750.89602355957,-577.846710205078,16132.1350585938,9.88550720214844,0.01617431640625,1843.78515717302,1847.88358188929
1751.78835144043,-577.553833007813,16141.4391967773,9.93167419433594,0.010986328125,1844.54082586003,1846.40672736085
1753.2755645752,-576.528762817383,16140.8189208984,10.0240081787109,0.01739501953125,1845.63285072958,1845.90063943089
1754.31661376953,-571.6962890625,16142.6797485352,10.064404296875,0.01007080078125,1845.11881142533,1845.57739210149
1754.91149902344,-574.478622436523,16148.2622314453,10.1682800292969,0.0091552734375,1846.54814641841,1845.12515832127
1754.91149902344,-573.453552246094,16140.1986450195,10.1105712890625,0.01708984375,1846.22949439888,1845.61402576645
1753.42428588867,-571.989166259766,16140.8189208984,10.0817169189453,0.01495361328125,1844.3612261872,1845.57810583188
1754.91149902344,-575.503692626953,16149.5027832031,10.2144470214844,0.008544921875,1846.86731240551,1845.82499816707
1751.93707275391,-575.503692626953,16125.3120239258,10.0066955566406,0.0048828125,1844.04121621963,1845.60947912593
1747.92159729004,-578.432464599609,16120.3498168945,9.82202758789063,0.00579833984375,1841.14475975566,1844.52880179338
1750.74730224609,-579.311096191406,16117.2484375,9.94898681640625,0.0164794921875,1844.10343052999,1844.1035890196
1753.8704498291,-573.160675048828,16132.7553344727,10.1163421630859,0.01861572265625,1845.14896802566,1844.26113738729
1753.57300720215,-574.332183837891,16124.6917480469,10.1105712890625,0.0299072265625,1845.23054087558,1843.9337830813
1751.93707275391,-571.842727661133,16129.6539550781,10.0874877929687,0.02838134765625,1842.9019540031,1843.705930638
1752.82940063477,-573.307113647461,16125.9322998047,10.1509674072266,0.02197265625,1844.20496536812,1844.31797176049
1753.2755645752,-572.72135925293,16117.8687133789,10.1509674072266,0.023193359375,1844.44706095919,1844.38669784633
1747.92159729004,-573.599990844727,16127.7931274414,10.0297790527344,0.020751953125,1839.63226210295,1843.28335666179
1749.26008911133,-578.432464599609,16107.3240234375,9.97784118652344,0.013427734375,1842.4155273609,1842.72035395885
1746.58310546875,-579.018218994141,16098.0198852539,9.90281982421875,0.01556396484375,1840.05832577014,1842.15162831226
1748.07031860352,-575.943008422852,16111.0456787109,9.94321594238281,0.01434326171875,1840.50541638262,1841.41171851516
1751.78835144043,-580.482604980469,16123.4511962891,10.1394256591797,0.00701904296875,1845.45996513804,1841.61429935093
758.627420043945,-145.706405639648,5931.07795410156,2.76424865722656,-0.06622314453125,772.493313295952,1628.18650958953
764.576272583008,-157.860809326172,5961.47147216797,2.89697875976562,-0.07354736328125,780.702831888062,1415.84397049496
-8.03095092773438,-7.32192993164063,-57.065380859375,-0.380877685546875,-0.771484375,10.8676966615531,1050.00584467325
-11.897705078125,-4.83247375488281,-51.4828979492188,-0.496295166015625,-0.74432373046875,12.8416583320719,684.473093063136
-11.6002624511719,-6.44329833984375,-50.8626220703125,-0.53092041015625,-0.62652587890625,13.2695961668885,318.035019268906
-13.6823608398437,-8.49343872070313,-68.2303466796875,-0.536691284179687,-0.51361083984375,16.1042075077921,166.757198111274
-18.1440002441406,-9.51850891113281,-75.6736572265625,-0.738671875,-0.41717529296875,20.4891863369605,14.7144690010532
-15.9131805419922,-8.05412292480469,-75.0533813476563,-0.57708740234375,-0.3485107421875,17.8353079886472,16.1079912664721
-15.3182952880859,-6.73617553710938,-70.7114501953125,-0.57708740234375,-0.28289794921875,16.7339843253108,16.8864564651198
-16.0619018554688,-6.44329833984375,-52.103173828125,-0.57708740234375,-0.23345947265625,17.3060909714165,17.6937554260254
-10.1130493164062,-6.58973693847656,-57.065380859375,-0.375106811523438,-0.1885986328125,12.0705591997383,16.8870257644147
-12.9387542724609,-5.41822814941406,-64.50869140625,-0.461669921875,-0.15960693359375,14.0274216591015,15.5946728288429
-15.0208526611328,-5.71110534667969,-57.6856567382813,-0.490524291992188,-0.14404296875,16.0699327611641,15.2415977833462
-13.5336395263672,-6.73617553710938,-58.3059326171875,-0.421273803710937,-0.12725830078125,15.1173893148387,14.9182787812518
-18.8876068115234,-9.81138610839844,-76.2939331054688,-0.582858276367187,-0.1116943359375,21.2839138420259,15.7138433553737
-18.5901641845703,-12.4472808837891,-78.7750366210937,-0.634796142578125,-0.1019287109375,22.3725055773649,17.774232630899
-18.8876068115234,-8.2005615234375,-67.6100708007812,-0.594400024414062,-0.10009765625,20.5910393221515,19.086956163509
-12.9387542724609,-7.76124572753906,-65.1289672851563,-0.421273803710937,-0.0872802734375,15.0880183379518,18.8905732788665
-14.5746887207031,-4.53959655761719,-63.2681396484375,-0.467440795898438,-0.0811767578125,15.2653034103918,18.9201560979772
-16.656787109375,-5.12535095214844,-54.58427734375,-0.513607788085938,-0.0775146484375,17.4275006581475,18.1488734612015
-13.3849182128906,-4.83247375488281,-56.4451049804687,-0.403961181640625,-0.07537841796875,14.2305600085662,16.5204843474418
-14.27724609375,-5.56466674804688,-65.1289672851563,-0.380877685546875,-0.07354736328125,15.3233570746856,15.4669478979486
-17.8465576171875,-8.2005615234375,-73.8128295898437,-0.548233032226563,-0.0738525390625,19.6404895072215,16.3774421318025
-20.5235412597656,-9.81138610839844,-79.3953125,-0.634796142578125,-0.0628662109375,22.7481657108738,17.8740145918989
-18.1440002441406,-10.2507019042969,-76.2939331054688,-0.519378662109375,-0.05645751953125,20.8394250014277,18.556399460555
-15.9131805419922,-4.68603515625,-78.1547607421875,-0.490524291992188,-0.05218505859375,16.5887986438937,19.0280471876205
-15.1695739746094,-4.53959655761719,-55.8248291015625,-0.467440795898438,-0.0482177734375,15.8342638438633,19.130228541456
-14.4259674072266,-4.68603515625,-63.8884155273438,-0.4155029296875,-0.05035400390625,15.167974852299,18.2357256104715
-14.7234100341797,-3.95384216308594,-62.027587890625,-0.427044677734375,-0.03875732421875,15.2450539810517,16.7351032645071
-17.2516723632812,-7.029052734375,-57.6856567382813,-0.461669921875,-0.04058837890625,18.6286816944363,16.2929546031088
-12.6413116455078,-5.41822814941406,-65.7492431640625,-0.409732055664063,-0.03936767578125,13.753543412443,15.7259035568186
-17.4003936767578,-5.12535095214844,-76.2939331054688,-0.525149536132812,-0.04486083984375,18.1395403053342,16.1869588491128
-20.0773773193359,-9.95782470703125,-76.914208984375,-0.657879638671875,-0.04974365234375,22.4111434986916,17.6355925783913
-19.4824920654297,-8.49343872070313,-78.1547607421875,-0.5078369140625,-0.05584716796875,21.2533761643149,18.837257015044
-16.2106231689453,-6.58973693847656,-67.6100708007812,-0.496295166015625,-0.05462646484375,17.4988267162078,18.6112860193983
-16.3593444824219,-5.56466674804688,-55.2045532226563,-0.403961181640625,-0.05859375,17.2798630755966,19.316549952029
-13.5336395263672,-5.12535095214844,-65.1289672851563,-0.39241943359375,-0.05340576171875,14.4716488767637,18.5829716663149
-14.7234100341797,-3.36808776855469,-52.103173828125,-0.467440795898438,-0.05126953125,15.1037352416967,17.121490014916
-13.0874755859375,-5.56466674804688,-60.7870361328125,-0.340481567382812,-0.0518798828125,14.2213759260252,15.715089967258
-14.5746887207031,-2.63589477539063,-70.7114501953125,-0.39241943359375,-0.05828857421875,14.8111273228044,15.1775500885773
-17.5491149902344,-6.44329833984375,-60.1667602539062,-0.496295166015625,-0.05218505859375,18.6945855914674,15.4604945917515
-17.6978363037109,-8.2005615234375,-84.35751953125,-0.542462158203125,-0.05828857421875,19.5054510107465,16.467255018548
-20.2260986328125,-7.76124572753906,-88.0791748046875,-0.611712646484375,-0.0518798828125,21.664071665952,17.7793223033991
-20.6722625732422,-7.61480712890625,-66.989794921875,-0.582858276367187,-0.04180908203125,22.0301549587721,19.3410781099485
-16.0619018554688,-4.39315795898438,-68.8506225585938,-0.380877685546875,-0.04119873046875,16.6518626005411,19.7092251654958
-14.8721313476563,-3.66096496582031,-68.2303466796875,-0.461669921875,-0.04638671875,15.3161011782667,19.0335282828557
-15.0208526611328,-4.39315795898438,-60.7870361328125,-0.409732055664063,-0.03631591796875,15.6501070769515,18.2624594960967
-14.7234100341797,-3.95384216308594,-65.1289672851563,-0.357794189453125,-0.0372314453125,15.2450539810517,16.9786559591166
-15.6157379150391,-0.732192993164063,-60.7870361328125,-0.461669921875,-0.0384521484375,15.6328940766074,15.6992037826837
-13.8310821533203,-4.68603515625,-57.065380859375,-0.363565063476562,-0.03570556640625,14.6033475277933,15.2895007681341
-15.9131805419922,-4.24671936035156,-73.8128295898437,-0.432815551757813,-0.04058837890625,16.4700922974834,15.5202989919775
-20.9697052001953,-8.05412292480469,-78.7750366210937,-0.57708740234375,-0.05126953125,22.4632462540694,16.882926827401
-19.1850494384766,-10.2507019042969,-80.6358642578125,-0.502066040039063,-0.05218505859375,21.7518507600513,18.184286183201
-18.8876068115234,-6.58973693847656,-78.1547607421875,-0.478982543945312,-0.04852294921875,20.0041576674708,19.0585389013736
-17.2516723632812,-4.97891235351563,-62.027587890625,-0.467440795898438,-0.05035400390625,17.9557725412746,19.7290239040699
-13.9798034667969,-4.39315795898438,-60.1667602539062,-0.352023315429688,-0.05126953125,14.6538302782192,19.3657715002171
-14.7234100341797,0.146438598632813,-66.3695190429687,-0.386648559570313,-0.0543212890625,14.7241382531458,17.8179499000324
-15.9131805419922,-3.36808776855469,-58.3059326171875,-0.432815551757813,-0.05950927734375,16.2657102574319,16.7207217995085
-13.0874755859375,-4.39315795898438,-60.1667602539062,-0.334710693359375,-0.0494384765625,13.8051386832983,15.480918002674
-15.6157379150391,-0.439315795898438,-69.4708984375,-0.398190307617187,-0.05096435546875,15.621916303697,15.0141467551584
-18.1440002441406,-2.92877197265625,-67.6100708007812,-0.513607788085938,-0.04608154296875,18.378858781959,15.7591524559064
-18.5901641845703,-7.029052734375,-85.5980712890625,-0.582858276367187,-0.0494384765625,19.8746518649235,16.7892551782619
-21.7133117675781,-5.27178955078125,-75.0533813476563,-0.571316528320313,-0.04669189453125,22.3441194273521,18.004937012246
-16.5080657958984,-4.53959655761719,-66.989794921875,-0.386648559570313,-0.050048828125,17.1208695231183,18.66808318021
-15.4670166015625,-3.5145263671875,-68.2303466796875,-0.403961181640625,-0.042724609375,15.8612892962289,18.7159577787164
-16.2106231689453,-1.75726318359375,-62.6478637695312,-0.450128173828125,-0.0390625,16.3055903733033,18.3013040969852
-14.7234100341797,-2.78233337402344,-60.7870361328125,-0.34625244140625,-0.0347900390625,14.9839975319935,17.3231732303992
-13.8310821533203,-1.90370178222656,-73.1925537109375,-0.403961181640625,-0.037841796875,13.9614796496485,15.6466452748585
-16.656787109375,-2.19657897949219,-60.1667602539062,-0.432815551757813,-0.04425048828125,16.8009974709893,15.5826708644327
-14.27724609375,-4.39315795898438,-69.4708984375,-0.3693359375,-0.047607421875,14.9378577069835,15.3979845465836
-18.5901641845703,-6.00398254394531,-82.4966918945313,-0.519378662109375,-0.04913330078125,19.5356599785439,16.0439984676317
-22.6056396484375,-6.15042114257813,-78.1547607421875,-0.565545654296875,-0.0506591796875,23.4273904681269,17.7326770548584
-18.5901641845703,-7.17549133300781,-75.6736572265625,-0.455899047851562,-0.0494384765625,19.9269134659473,18.9257638181182
-17.1029510498047,-1.02507019042969,-66.3695190429687,-0.421273803710937,-0.048828125,17.1336424471658,18.9922928133535
-15.0208526611328,-1.90370178222656,-57.6856567382813,-0.340481567382812,-0.06011962890625,15.1410070716288,19.0329226862825
-13.9798034667969,-3.22164916992188,-68.8506225585938,-0.386648559570313,-0.0555419921875,14.3462165167101,17.9950339939158
-16.5080657958984,-0.146438598632813,-57.6856567382813,-0.398190307617187,-0.05523681640625,16.5087152917749,16.6112989586454
-15.7644592285156,-0.292877197265625,-60.7870361328125,-0.311627197265625,-0.0531005859375,15.767179577217,15.7793521808993
-14.27724609375,-3.36808776855469,-65.7492431640625,-0.403961181640625,-0.04547119140625,14.6691435073145,15.286452392929
-20.5235412597656,-3.36808776855469,-70.7114501953125,-0.55400390625,-0.0457763671875,20.7980710898388,16.4178651965711
-18.5901641845703,-7.46836853027344,-86.2183471679687,-0.53092041015625,-0.0543212890625,20.0342390150776,17.5554696962446
-18.4414428710937,-5.27178955078125,-78.7750366210937,-0.536691284179687,-0.045166015625,19.1801611107817,18.0897588600459
-17.9952789306641,-1.75726318359375,-62.6478637695312,-0.455899047851562,-0.0372314453125,18.0808749149154,18.5524979275856
-14.4259674072266,-1.46438598632813,-67.6100708007812,-0.311627197265625,-0.0360107421875,14.5001021358926,18.5186896533012
-16.3593444824219,-0.292877197265625,-65.7492431640625,-0.427044677734375,-0.0341796875,16.3619659255001,17.6314686204335
-15.9131805419922,-0.732192993164063,-58.3059326171875,-0.340481567382812,-0.03204345703125,15.9300163697743,16.8106240913728
-15.6157379150391,-2.343017578125,-67.6100708007812,-0.294314575195313,-0.04241943359375,15.7905352031713,16.1326989098507
-16.5080657958984,-0.439315795898438,-70.7114501953125,-0.357794189453125,-0.037841796875,16.5139103391728,15.8193059947022
-19.4824920654297,-3.36808776855469,-67.6100708007812,-0.48475341796875,-0.0457763671875,19.7714822989127,16.8735820273062
-20.6722625732422,-7.17549133300781,-86.2183471679687,-0.536691284179687,-0.04608154296875,21.8821871796934,17.9776262781449
-19.4824920654297,-4.10028076171875,-80.0155883789062,-0.53092041015625,-0.04852294921875,19.909289274217,18.7734808590334
-17.5491149902344,-3.22164916992188,-67.6100708007812,-0.363565063476562,-0.04730224609375,17.8423782135266,19.1838494611045
-16.656787109375,-3.22164916992188,-66.3695190429687,-0.357794189453125,-0.05828857421875,16.9654820202993,19.2741637973298
-16.8055084228516,-0.439315795898438,-54.58427734375,-0.444357299804688,-0.0567626953125,16.8112495585266,18.6821172492526
-14.27724609375,-1.02507019042969,-62.6478637695312,-0.30008544921875,-0.05401611328125,14.3139975170044,17.1684793167148
-15.1695739746094,-0.878631591796875,-68.2303466796875,-0.357794189453125,-0.0445556640625,15.1949981258719,16.2256210870457
-15.4670166015625,0,-58.3059326171875,-0.432815551757813,-0.045166015625,15.4670166015625,15.7505487646529
-17.2516723632812,-3.5145263671875,-75.0533813476563,-0.39241943359375,-0.048828125,17.6060243926804,15.8786572391292
-20.9697052001953,-4.68603515625,-93.6616577148438,-0.559774780273438,-0.05584716796875,21.4869137306573,16.8137900735553
-20.5235412597656,-4.83247375488281,-70.7114501953125,-0.48475341796875,-0.048828125,21.0847942468722,18.1679494195288
-16.0619018554688,-2.78233337402344,-73.1925537109375,-0.352023315429688,-0.04058837890625,16.3011064108825,18.389171076531
-17.5491149902344,-0.146438598632813,-66.989794921875,-0.380877685546875,-0.03509521484375,17.549725958078,18.8057129478341
-16.3593444824219,-0.732192993164063,-60.1667602539062,-0.340481567382812,-0.0372314453125,16.3757216168872,18.5596523926754
-16.2106231689453,-3.07521057128906,-66.3695190429687,-0.34625244140625,-0.04669189453125,16.4997340458358,17.5622164557111
-16.656787109375,1.1715087890625,-66.3695190429687,-0.409732055664063,-0.03753662109375,16.6979336940201,16.6848443451407
-15.6157379150391,-2.48945617675781,-66.989794921875,-0.352023315429688,-0.0433349609375,15.8129270752504,16.5872084780143
-19.036328125,-5.56466674804688,-88.0791748046875,-0.478982543945312,-0.0469970703125,19.8329852644398,17.0438603392866
-17.9952789306641,-4.68603515625,-68.8506225585938,-0.450128173828125,-0.05126953125,18.5954023693496,17.4877964897791
-15.9131805419922,-0.146438598632813,-73.1925537109375,-0.398190307617187,-0.04486083984375,15.9138543170788,17.3706205440277
-15.3182952880859,-1.75726318359375,-57.065380859375,-0.363565063476562,-0.04425048828125,15.4187594970999,17.1147857046437
-15.0208526611328,-3.80740356445313,-63.2681396484375,-0.340481567382812,-0.04608154296875,15.4958812776193,17.0513765451175
-15.6157379150391,1.02507019042969,-65.7492431640625,-0.328939819335938,-0.0537109375,15.649346297098,16.2146487516491
-15.9131805419922,-0.439315795898438,-62.6478637695312,-0.317398071289063,-0.0457763671875,15.9192434911514,15.6794169760095
-18.4414428710937,-2.92877197265625,-76.2939331054688,-0.4155029296875,-0.05279541015625,18.6725606287845,16.2311582383506
-20.9697052001953,-3.95384216308594,-84.35751953125,-0.571316528320313,-0.04547119140625,21.3391987673786,17.4152460924063
-20.2260986328125,-6.00398254394531,-85.5980712890625,-0.496295166015625,-0.045166015625,21.0984092360599,18.5357516840945
-17.9952789306641,-3.5145263671875,-76.2939331054688,-0.409732055664063,-0.042724609375,18.3352654569837,19.0729355160716
-14.7234100341797,-0.732192993164063,-60.1667602539062,-0.282772827148437,-0.037841796875,14.7416047163741,18.8374077611161
-15.3182952880859,0.439315795898438,-66.989794921875,-0.398190307617187,-0.042724609375,15.3245935966185,18.167814354683
-16.656787109375,-0.58575439453125,-53.3437255859375,-0.334710693359375,-0.0341796875,16.667083278659,17.233391256939
-15.0208526611328,-1.75726318359375,-70.0911743164063,-0.271231079101563,-0.03997802734375,15.1232929140407,16.0383679925352
-18.4414428710937,-2.343017578125,-76.914208984375,-0.444357299804688,-0.03875732421875,18.5896892534334,16.0892527518251
-21.415869140625,-4.39315795898438,-76.914208984375,-0.496295166015625,-0.04150390625,21.8618226115976,17.5132963308699
-20.8209838867188,-4.83247375488281,-91.1805541992187,-0.455899047851562,-0.0506591796875,21.3744280064434,18.7232632128348
-18.4414428710937,-1.90370178222656,-67.6100708007812,-0.450128173828125,-0.05706787109375,18.5394416216742,19.0977348814379
-16.0619018554688,-1.1715087890625,-60.1667602539062,-0.328939819335938,-0.04852294921875,16.1045684219591,19.2939899830216
-16.2106231689453,-1.46438598632813,-72.5722778320312,-0.328939819335938,-0.05767822265625,16.2766314034109,18.831378413017
-17.8465576171875,-1.02507019042969,-58.9262084960938,-0.380877685546875,-0.05126953125,17.8759723561797,18.0342083619335
-14.5746887207031,-1.61082458496094,-62.6478637695312,-0.265460205078125,-0.04730224609375,14.6634343572338,16.6920096320915
-16.0619018554688,-0.146438598632813,-63.2681396484375,-0.352023315429688,-0.057373046875,16.0625693921577,16.1966351861882
-21.2671478271484,-1.90370178222656,-66.989794921875,-0.548233032226563,-0.05706787109375,21.3521815554626,17.2461578128889
-21.7133117675781,-7.90768432617188,-83.7372436523438,-0.473211669921875,-0.04913330078125,23.1084265868196,18.6125168495707
-19.3337707519531,-2.63589477539063,-81.876416015625,-0.490524291992188,-0.04547119140625,19.5126275205573,18.9398478824462
-18.8876068115234,-1.31794738769531,-63.2681396484375,-0.386648559570313,-0.03936767578125,18.